ID,Scenario,Passing result,execution_status,test_evidence,tested_version
A01,New citizen completes first day through an NPC guide,One citizen bundle shelter meal bank and paid shift available while school remains active,Not run,,
A02,Repeat a payment after timeout and reconnect,Exactly one balanced transaction one receipt no extra reward and correct client reconciliation,Not run,,
A03,Compare poor rich independent and invited starts,No exam bypass personal funds remain private leaving household preserves safe recovery,Not run,,
A04,Complete five modules fail exam retake and pass,Correct unlock schedule failed attempt retains work one versioned certificate unlocks eligibility,Not run,,
A05,Fund education by wages and a scholarship then apply,Restricted award pays approved tuition licence is validated hiring checks credentials,Not run,,
A06,Complete paid work while employer becomes inactive,Earned wages settled once succession or NPC cover handles committed duties,Not run,,
A07,Two buyers request final stock and delivery retries,One buyer obtains the item quantities and escrow reconcile repeated delivery adds nothing,Not run,,
A08,Transport citizen and cargo across zones with disconnect,One zone lease one shipment custody route time preserved no duplicated assets,Not run,,
A09,Increase fuel price damage road then repair it,New quotes and batches change by formulas indicators respond with delay repair reduces affected cost,Not run,,
A10,Inspect unsafe property procure repairs and pay tax,Reviewable notice authorised budget verified milestone safe tenancy and correct treasury entries,Not run,,
A11,Submit claim investigate deny appeal and pay,Evidence and reasons retained one reserved payment fraudulent allegation remains reviewable,Not run,,
A12,Arrest hear grant bail sentence educate and appeal,Grounds and custody valid scoped evidence capped playable sentence successful appeal restores rights,Not run,,
A13,Forge official role and exceed legal fiscal authority,Commands rejected no money or powers granted valid actions retain audit and oversight,Component checks pass; full scenario not run,test/admin.test.ts; test/admin-interface.test.ts; test/auth.test.ts; test/mfa.test.ts; test/postgres.test.ts; docs/staff-authority-contract.md; hosted staff migration and independent audit/restore/official fiscal acceptance pending,Local staff-authority checkpoint 2026-10-08; 152 checks
A14,Vote concurrently retry use new account and inspect logs,Eligible vote accepted once ineligible account refused choice not disclosed tally reconciles,Not run,,
A15,Challenge close election recount and certify,Same accepted ballot set reproduces count tribunal authority limited no secret choice exposure,Not run,,
A16,Attempt self reviews fake transactions and collusive ratings,No unverified review eligible service reviewed once risk case records evidence and appeal,Not run,,
A17,Return after long absence with rent loan and needs,Published caps applied no catastrophic survival loss clear offline statement and recovery options,Not run,,
A18,Remove all player providers and absent institution leaders,Essential NPC services run within budgets no NPC ballots acting powers stay bounded,Not run,,
A19,Flood a region dispatch agencies and claim relief twice,Scoped assignments funded treatment and evacuation available relief awarded once repairs connect,Not run,,
A20,Use data saver on weak network and lose connection,Essential actions usable no auto music safe pending state no duplicated money push respects consent,Not run,,
A21,Navigate core flows using keyboard large text and low mode,Accessible controls equivalent outcomes no essential colour or audio only cue adequate measured speed,Not run,,
A22,Open bundle with missing dependency then freeze live contracts,Invalid activation refused valid bundle recorded once existing obligations settled or refunded,Not run,,
A23,Company becomes insolvent and another company acquires it,Creditor rules wages assets licences and shares reconcile no disappearing debt or duplicate ownership,Not run,,
A24,Restore after worker failure and privileged incident,Recovery target met balanced books unique replayed effects protected audit and revoked access,Component checks pass; full scenario not run,test/admin.test.ts; test/admin-interface.test.ts; test/auth.test.ts; test/mfa.test.ts; test/postgres.test.ts; docs/staff-authority-contract.md; hosted staff migration and independent audit/restore/official fiscal acceptance pending,Local staff-authority checkpoint 2026-10-08; 152 checks
A25,Report harassment voice note official abuse and hacked account,Block effective scoped review no retaliation account recovery logged neutral services remain accessible,Component checks pass; full scenario not run,test/relationships.test.ts; test/relationships-interface.test.ts; test/home-visits.test.ts; PostgreSQL consent/block rollback and reopen; opt-in/private receipt/revoked panel; harassment reporting voice official abuse hacked-account recovery and operational review pending,Local mutual-relationship checkpoint 2026-10-08
A26,Publish campaign petition protest poll and scoped notices,Safe public sharing threshold logged sampling labelled no automatic voter eligibility or spam,Not run,,
A27,Sell final event ticket change DJ track join late and cancel,Capacity exact authorised ordered playback sync spatial sound optional correct refund,Not run,,
A28,Duplicate real callback upload unapproved music and refund,One entitlement unsafe or unauthorised media blocked refund audited no vote or credential gain,Not run,,
A29,Complete sports season fund endowment and retire sponsor,Results verified scholarship funds restricted history retained steward continues institution,Not run,,
A30,Run economy through shock low population and excess graduates,Documented bounds hold essential basket available indicators honest recovery levers funded,Not run,,
A31,Change a requirement and regenerate handoff copies,Stable IDs updated affected tests decisions and release gates linked prior approved version recoverable,Not run,,
