ID,Decision to lock,Current baseline,Required evidence,status,owner,approval_date,approved_value
D01,City district route and geography catalogue,National logical coverage detailed map list to confirm,Regional content review and travel prototype,Proposed,,,
D02,Characters per account identity and age assurance,One voting citizen per account and world,Abuse privacy and eligibility review,Proposed,,,
D03,Family distribution reset and starter budget,Distribution in 2.2 no paid rerolls,Mobility and repeated signup simulation,Proposed,,,
D04,Five day unlock timing exam and accommodations,Rolling daily unlock untimed 80% exam,New citizen usability and education testing,Proposed,,,
D05,World clock and macro update cadence,Event local hourly regional daily macro,Shock stability and calendar tests,Proposed,,,
D06,Institutional inactivity delegation and terms,Reminder 72 hours acting seven days review fourteen,Absence and succession simulations,Proposed,,,
D07,Currency labels store products and provider,Virtual NGN separate cosmetic commerce,Fairness review payment sandbox refunds,Proposed,,,
D08,Retirement death inheritance and resets,No routine permanent death,Recovery and legacy design,Proposed,,,
D09,Shares securities and market products,Controlled fictional exchange and company governance,Ownership matching manipulation tests,Proposed,,,
D10,Wage reserves shift length and dispute limits,Secured committed wages,Payroll insolvency and casual play tests,Proposed,,,
D11,Insolvency creditor order and acquisition approvals,Published staged resolution,Creditor and asset transfer scenarios,Proposed,,,
D12,Insurance reserves cover caps and disaster model,Reserved approved payouts bounded risk,Mass claim stress and resolution test,Proposed,,,
D13,Election ages residence terms candidates quorum,Age fourteen days residence seven days foundation,Anti fraud ballot privacy and election simulation,Proposed,,,
D14,Court timing sentences bail and rehabilitation,Playable capped detention with appeal,Prison usability and rights tests,Proposed,,,
D15,Crime territory pursuit and military missions,Bounded voluntary fictional activity,Harm limits permissions recovery prototype,Proposed,,,
D16,Provider versions server framework and hosting,TypeScript Three.js PostgreSQL Supabase plus zones; free-tier proposal in docs/free-hosting-plan.md,Free-tier technical spike; atomic database adapter; zone capacity; restore and scheduler deduplication tests,Proposed,,,
D17,Concurrency instance size geographic hosting,One nation per world seeded 100 visible citizens,Concurrent mixed workload benchmarks,Proposed,,,
D18,Offline liabilities leave and delegation,Bounded needs and disclosed contractual effects,Long absence financial recovery test,Proposed,,,
D19,Device browser and performance matrix,Targets in 6.6,Named low end device and network measurements,Proposed,,,
D20,Backup availability recovery funding,Targets in 6.6,Timed restore and incident drill,Proposed,,,
D21,Music rights live audio commercial catalogue,Approved catalogue control sync,Rights review playback moderation cost model,Proposed,,,
D22,Privacy retention erasure and evidence access,Purpose limited scoped retention,Data inventory reviewer approval erasure drill,Proposed,,,
D23,Moderation support coverage and targets,Staffing dependent response targets,Queue simulations escalation coverage plan,Proposed,,,
D24,Camera art characters animation languages,Mature readable 3D with Canvas and DOM fallbacks; production art pending,World prototype cultural and accessibility review,Proposed,,,
D25,Sport match mechanics fixture catalogue,Football initial playable sport,Outcome verification and low device playtest,Proposed,,,
D26,Team capacity build order cost and dates,Full system scope before public launch,Dependency work plan budget milestone evidence,Proposed,,,
D27,Staff authority windows role limits succession and independent audit protection,15-minute TOTP/review windows; 30-day routine grant ceiling; two routine roles; two current authorities; local component only,Live provider MFA; independent recovery and root rotation; expiry staffing simulation; protected audit copies; operator review,Proposed,,,
D28,Reference-game art and interaction acceptance,Owner direction: Sims 1–4 and My Life in New York life/home depth; Lagos Life Nigerian context; OneState RP and MadOut city presentation,Production human/interior assets; 30/60 fps gait/contact checks; device/art review; household and guest interaction; documented reference uncertainty,Proposed,,,
D29,Home visit duration active capacity guest permissions and expiry recovery,15/30/60 minutes from invitation; eight active invitations per home; Sit/Read/Wash/inspect; no property or wardrobe authority,Consent/permission and SQL recovery checks; tenant-title continuity; idle expiry; device/load playtest and owner review,Proposed,,,
D30,Shared furniture capacities use duration and approach coordination,Three sofa positions; one per other timed fixture; ten-second presentation only; server range before allocation,Receipt/slot SQL recovery; rotated adult contact geometry; private expiry refresh; longer activity and traffic/device playtest; owner review,Proposed,,,
D31,Relationship invitation bounds private history and consent safeguards,Opt-in inbox; seven-day pending expiry; twenty pending per participant; twenty outgoing per rolling day; one hundred active connections; one hundred ended visible; no asset/home authority,Mutual terms and unilateral leave/block; private unchanged-cursor expiry; SQL rollback/recovery; abuse/load/retention and owner review,Proposed,,,
