ID,Required capability,Main section,Acceptance,delivery_status,owner,implementation_reference,test_evidence,review_date,public_bundle
R001,Nigerian national geography and regional identity,1.3,A01 A08,Specified,,,,,
R002,World separation and one authoritative zone,1.3 6.3,A08 A24,Specified,,,,,
R003,Atomic account citizen and starter provisioning,2.1,A01 A02,In progress (development components only),,src/domain.ts; src/store.ts,test/domain.test.ts; test/store.test.ts,2026-10-07,
R004,Independent start and baseline shelter,2.2,A01 A03,In progress (development components only),,src/domain.ts; web/index.html,test/domain.test.ts,2026-10-07,
R005,Random NPC family start and fair assignment,2.2,A03,Specified,,,,,
R006,Household invitations consent assets and exit,2.2,A03 A25,Specified,,,,,
R007,Evolving NPC personalities finances and obligations,2.2 11.2,A03 A18,Specified,,,,,
R008,Five day in world foundation curriculum,2.3,A01 A04,In progress (development components only),,src/domain.ts; web/app.js,test/domain.test.ts,2026-10-07,
R009,Citizen exam retries versioned certification,2.3,A04,In progress (development components only),,src/domain.ts; web/app.js,test/domain.test.ts,2026-10-07,
R010,Day one starter jobs and NPC employers,2.4,A01 A18,In progress (development components only),,src/domain.ts; web/app.js,test/domain.test.ts,2026-10-07,
R011,Education ladder fees grants and tracks,2.5,A04 A05,Specified,,,,,
R012,Apprenticeships tutors private schools mentors,2.5,A05,Specified,,,,,
R013,Vacancies applications interviews contracts,2.6,A05 A06,Specified,,,,,
R014,Background checks rehabilitation restored eligibility,2.6 5.8,A12,Specified,,,,,
R015,Skills minigames and accessible alternatives,2.7,A05 A21,Specified,,,,,
R016,Scoped reputation verified reviews anti manipulation,2.7,A16,Specified,,,,,
R017,Needs housing rest utilities and offline safety,2.8,A01 A17,Specified,,,,,
R018,Friends partners families and relationship consent,2.8,A25,Specified,,,,,
R019,Multiple life paths and ordinary leisure,2.7 9.6,A01 A21,Specified,,,,,
R020,Life events with caps and recovery paths,2.9,A03 A17,Specified,,,,,
R021,Legacy history landmarks and stewardship,2.9,A29,Specified,,,,,
R022,Explicit inputs outputs dependencies and feedback,3.1 3.7,A09 A30,Specified,,,,,
R023,Essential NPC service fallback,3.1 3.8,A18,Specified,,,,,
R024,Fuel roads transit costs and price propagation,3.3,A09,Specified,,,,,
R025,Agriculture manufacturing mining ports and trade,3.2 4.4,A07 A09,Specified,,,,,
R026,Warehouses stock scarcity and shipment custody,4.4 4.5,A07 A08,Specified,,,,,
R027,Weather disasters emergency coordination and relief,3.6,A19 A30,Specified,,,,,
R028,Balanced virtual ledger reserves and receipts,4.1,A02 A06 A07,In progress (development components only),,src/domain.ts; src/store.ts,test/domain.test.ts; test/store.test.ts,2026-10-07,
R029,Visible issuance sinks and economic balancing,4.2 4.3,A09 A30,Specified,,,,,
R030,Company roles ownership shares and succession,4.6,A06 A18 A23,Specified,,,,,
R031,Bankruptcy mergers acquisitions and creditor recovery,4.7,A23,Specified,,,,,
R032,Banking savings loans markets and reserve controls,4.8,A22 A23,Specified,,,,,
R033,Property tenancy construction maintenance and taxes,4.9,A10 A17,Specified,,,,,
R034,Vehicles fuel licences repair and transport choices,4.9,A08 A09,Specified,,,,,
R035,Healthcare supplies careers and emergency treatment,4.10,A05 A19,Specified,,,,,
R036,Insurance claims investigators fraud review appeals,4.10,A11,Specified,,,,,
R037,Treasuries taxes budgets appropriations procurement,4.11 5.3,A10 A13,Specified,,,,,
R038,Assistance charities scholarships restricted funds,4.11,A05 A19 A29,Specified,,,,,
R039,Social mobility inflation employment and regional metrics,4.12,A09 A30,Specified,,,,,
R040,Anti exploit idempotency collusion review and correction,4.12,A02 A07 A16,In progress (development components only),,src/domain.ts; src/server.ts; web/app.js,test/domain.test.ts; test/api.test.ts,2026-10-07,
R041,Federal state local offices and constitution,5.1 5.2,A13,Specified,,,,,
R042,Parties candidates campaigns endorsements and sharing,5.4 9.5,A14 A26,Specified,,,,,
R043,Lobbying unions associations petitions and protests,5.4,A13 A26,Specified,,,,,
R044,Eligible secret unique votes and tamper evident audit,5.5,A14,Specified,,,,,
R045,Recounts tribunals succession and term limits,5.6,A15 A18,Specified,,,,,
R046,Evidence CCTV alarms private security and warrants,5.7 5.9,A12,Specified,,,,,
R047,Police rights lawyers bail court decisions and appeal,5.7 5.8,A12 A13,Specified,,,,,
R048,Prisons education work visitation and rehabilitation,5.8,A12,Specified,,,,,
R049,Military academies bounded missions civil oversight,5.9,A13 A19,Specified,,,,,
R050,Fire response inspections and safety ratings,4.9 5.9,A10 A19,Specified,,,,,
R051,Five approval dimensions official and media polling,5.10,A26 A30,Specified,,,,,
R052,Authoritative services zones APIs and PWA,6.1 6.5,A02 A08 A20,Specified,,,,,
R053,Latency handling disconnect recovery and safe retries,6.4,A02 A08 A20,Specified,,,,,
R054,DJ permissions synchronised music spatial audio,6.7,A27,Specified,,,,,
R055,Rights creator uploads commercial catalogue live audio gate,6.7,A27 A28,Specified,,,,,
R056,Durable entities migrations commands outbox and lifecycle,7.1 7.6,A02 A24,In progress (development components only),,src/domain.ts; src/store.ts,test/store.test.ts,2026-10-07,
R057,Audit telemetry backups restore and reconciliation,7.7 7.8,A24,Specified,,,,,
R058,Scoped admin roles authentication and accountability,8.1 8.2,A13 A24,Specified,,,,,
R059,Server flags dependencies schedules freezes and wind down,8.3 8.4,A22,Specified,,,,,
R060,Block mute report voice safety moderation appeals,8.5,A25,Specified,,,,,
R061,Support tickets account recovery and restitution,8.6,A24 A25,Specified,,,,,
R062,Scoped announcements maintenance push and quiet hours,8.7,A20 A26,Specified,,,,,
R063,Adult eligibility privacy and content review,1.1 8.10,A25 A28,Specified,,,,,
R064,Fair commerce real payment fulfilment refunds,8.9,A28,Specified,,,,,
R065,World art phone HUD menus and visible reasons,9.1 9.2,A01 A21,Specified,,,,,
R066,Accessibility keyboard captions scaling and reduced motion,9.3,A21 A27,Specified,,,,,
R067,Low medium high graphics and data saver,9.4,A20 A21,Specified,,,,,
R068,NaijaFeed DMs voice media advertising and privacy,8.5 9.5,A25 A26,Specified,,,,,
R069,Clubs ticketed events capacity bookings cancellations,9.6,A27,Specified,,,,,
R070,Artists radio charts performances and sponsorships,6.7 9.6,A27 A28,Specified,,,,,
R071,Football sports seasons festivals and awards,1.4 9.6,A27 A29,Specified,,,,,
R072,Gangs fictional crime rules losses and recovery,9.7,A12 A25,Specified,,,,,
R073,Full prelaunch completion separate public activation,10.1 10.4,A22,Specified,,,,,
R074,Controlled update catalogue and stability gates,10.3 10.5,A22 A30,Specified,,,,,
R075,Persistent specification memory and change control,12.4,A31,In progress (development components only),,AGENTS.md; docs/project-status.md; docs/specification,docs/verification.md,2026-10-07,
